Trip_ID,Driver_ID,Vehicle_ID,Trip_Date,Start_Time,End_Time,Duration_Minutes,Distance_KM,Avg_Speed_KMH,Max_Speed_KMH,Trip_Type
T001,D01,V01,2026-08-10,2026-08-10 16:40:00,2026-08-10 17:14:00,34,14.51,25.6,34.8,On_Demand_Rider
T002,D01,V01,2026-08-11,2026-08-11 17:11:00,2026-08-11 17:29:00,18,5.16,17.2,30.5,Quick_Commerce
T003,D01,V01,2026-08-12,2026-08-12 19:11:00,2026-08-12 19:48:00,37,15.48,25.1,34.7,Quick_Commerce
T004,D01,V01,2026-08-13,2026-08-13 20:38:00,2026-08-13 21:06:00,28,12.41,26.6,36.7,Food_Delivery
T005,D01,V01,2026-08-14,2026-08-14 22:25:00,2026-08-14 22:39:00,14,4.34,18.6,35.2,Food_Delivery
T006,D01,V01,2026-08-15,2026-08-15 23:32:00,2026-08-15 23:58:00,26,12.13,28.0,42.5,Food_Delivery
T007,D01,V01,2026-08-17,2026-08-17 01:05:00,2026-08-17 01:23:00,18,6.69,22.3,33.9,Food_Delivery
T008,D01,V01,2026-08-11,2026-08-11 02:02:00,2026-08-11 02:23:00,21,8.99,25.7,38.4,Parcel_Delivery
T009,D01,V01,2026-08-12,2026-08-12 04:05:00,2026-08-12 04:33:00,28,10.64,22.8,32.8,Food_Delivery
T010,D01,V01,2026-08-13,2026-08-13 05:44:00,2026-08-13 06:01:00,17,6.88,24.3,37.3,Quick_Commerce
T011,D01,V01,2026-08-13,2026-08-13 17:12:00,2026-08-13 17:43:00,31,14.16,27.4,36.1,On_Demand_Rider
T012,D01,V01,2026-08-14,2026-08-14 18:36:00,2026-08-14 19:07:00,31,13.28,25.7,35.6,Quick_Commerce
T013,D01,V01,2026-08-15,2026-08-15 20:23:00,2026-08-15 20:49:00,26,11.27,26.0,37.8,Food_Delivery
T014,D01,V01,2026-08-16,2026-08-16 21:19:00,2026-08-16 21:50:00,31,14.83,28.7,39.2,Food_Delivery
T015,D01,V01,2026-08-10,2026-08-10 23:23:00,2026-08-10 23:41:00,18,6.63,22.1,36.1,Food_Delivery
T016,D02,V02,2026-08-11,2026-08-11 05:23:00,2026-08-11 05:45:00,22,8.84,24.1,40.0,Food_Delivery
T017,D02,V02,2026-08-12,2026-08-12 06:24:00,2026-08-12 07:00:00,36,16.86,28.1,43.1,On_Demand_Rider
T018,D02,V02,2026-08-13,2026-08-13 07:00:00,2026-08-13 07:27:00,27,10.89,24.2,34.7,Food_Delivery
T019,D02,V02,2026-08-13,2026-08-13 08:37:00,2026-08-13 09:13:00,36,11.7,19.5,27.8,Food_Delivery
T020,D02,V02,2026-08-14,2026-08-14 09:39:00,2026-08-14 10:06:00,27,10.35,23.0,33.4,On_Demand_Rider
T021,D02,V02,2026-08-15,2026-08-15 10:37:00,2026-08-15 10:51:00,14,4.62,19.8,33.3,Food_Delivery
T022,D02,V02,2026-08-17,2026-08-17 05:04:00,2026-08-17 05:31:00,27,12.65,28.1,39.0,Quick_Commerce
T023,D02,V02,2026-08-11,2026-08-11 06:28:00,2026-08-11 06:56:00,28,13.25,28.4,40.2,Food_Delivery
T024,D02,V02,2026-08-12,2026-08-12 07:36:00,2026-08-12 07:57:00,21,7.17,20.5,33.0,Parcel_Delivery
T025,D02,V02,2026-08-12,2026-08-12 08:38:00,2026-08-12 09:09:00,31,12.81,24.8,36.5,Parcel_Delivery
T026,D02,V02,2026-08-13,2026-08-13 09:42:00,2026-08-13 10:01:00,19,8.39,26.5,45.3,Parcel_Delivery
T027,D02,V02,2026-08-14,2026-08-14 10:19:00,2026-08-14 10:47:00,28,13.95,29.9,39.8,Food_Delivery
T028,D02,V02,2026-08-16,2026-08-16 05:19:00,2026-08-16 05:45:00,26,10.79,24.9,35.7,Parcel_Delivery
T029,D02,V02,2026-08-17,2026-08-17 06:23:00,2026-08-17 06:44:00,21,7.74,22.1,32.9,Food_Delivery
T030,D02,V02,2026-08-11,2026-08-11 07:21:00,2026-08-11 07:55:00,34,15.87,28.0,40.4,Food_Delivery
T031,D03,V03,2026-08-10,2026-08-10 16:00:00,2026-08-10 16:25:00,25,10.92,26.2,36.2,Quick_Commerce
T032,D03,V03,2026-08-11,2026-08-11 17:11:00,2026-08-11 17:40:00,29,10.39,21.5,30.1,Parcel_Delivery
T033,D03,V03,2026-08-12,2026-08-12 19:41:00,2026-08-12 20:05:00,24,9.08,22.7,36.9,Quick_Commerce
T034,D03,V03,2026-08-13,2026-08-13 20:41:00,2026-08-13 21:13:00,32,14.67,27.5,38.1,Quick_Commerce
T035,D03,V03,2026-08-14,2026-08-14 22:17:00,2026-08-14 22:32:00,15,5.4,21.6,35.5,Food_Delivery
T036,D03,V03,2026-08-15,2026-08-15 23:42:00,2026-08-16 00:05:00,23,8.05,21.0,32.1,Quick_Commerce
T037,D03,V03,2026-08-17,2026-08-17 01:03:00,2026-08-17 01:38:00,35,17.91,30.7,39.4,Food_Delivery
T038,D03,V03,2026-08-11,2026-08-11 02:17:00,2026-08-11 02:42:00,25,10.33,24.8,33.3,Quick_Commerce
T039,D03,V03,2026-08-12,2026-08-12 04:44:00,2026-08-12 05:11:00,27,12.91,28.7,40.0,Food_Delivery
T040,D03,V03,2026-08-13,2026-08-13 05:39:00,2026-08-13 06:14:00,35,16.51,28.3,39.4,Parcel_Delivery
T041,D03,V03,2026-08-13,2026-08-13 17:05:00,2026-08-13 17:20:00,15,3.67,14.7,26.4,Food_Delivery
T042,D03,V03,2026-08-14,2026-08-14 18:29:00,2026-08-14 18:52:00,23,10.27,26.8,38.4,Parcel_Delivery
T043,D03,V03,2026-08-15,2026-08-15 20:14:00,2026-08-15 20:35:00,21,7.98,22.8,36.3,Food_Delivery
T044,D03,V03,2026-08-16,2026-08-16 21:04:00,2026-08-16 21:29:00,25,9.42,22.6,36.1,Food_Delivery
T045,D03,V03,2026-08-10,2026-08-10 23:06:00,2026-08-10 23:33:00,27,11.56,25.7,39.4,Quick_Commerce
T046,D04,V04,2026-08-10,2026-08-10 16:35:00,2026-08-10 17:06:00,31,23.41,45.3,75.1,On_Demand_Rider
T047,D04,V04,2026-08-11,2026-08-11 17:05:00,2026-08-11 17:34:00,29,14.31,29.6,63.3,Food_Delivery
T048,D04,V04,2026-08-12,2026-08-12 19:36:00,2026-08-12 19:54:00,18,7.83,26.1,44.8,On_Demand_Rider
T049,D04,V04,2026-08-13,2026-08-13 20:38:00,2026-08-13 20:55:00,17,9.66,34.1,55.3,Food_Delivery
T050,D04,V04,2026-08-14,2026-08-14 22:00:00,2026-08-14 22:36:00,36,28.38,47.3,70.5,Food_Delivery
T051,D04,V04,2026-08-15,2026-08-15 23:40:00,2026-08-16 00:11:00,31,17.83,34.5,50.7,Quick_Commerce
T052,D04,V04,2026-08-17,2026-08-17 01:20:00,2026-08-17 01:56:00,36,22.08,36.8,61.1,Food_Delivery
T053,D04,V04,2026-08-11,2026-08-11 02:11:00,2026-08-11 02:34:00,23,14.26,37.2,57.9,Food_Delivery
T054,D04,V04,2026-08-12,2026-08-12 04:41:00,2026-08-12 05:08:00,27,17.14,38.1,60.2,Parcel_Delivery
T055,D04,V04,2026-08-13,2026-08-13 05:40:00,2026-08-13 06:04:00,24,9.44,23.6,51.0,Quick_Commerce
T056,D04,V04,2026-08-13,2026-08-13 17:33:00,2026-08-13 17:59:00,26,18.55,42.8,78.9,Parcel_Delivery
T057,D04,V04,2026-08-14,2026-08-14 18:41:00,2026-08-14 19:02:00,21,11.38,32.5,54.6,Quick_Commerce
T058,D04,V04,2026-08-15,2026-08-15 20:43:00,2026-08-15 20:57:00,14,4.08,17.5,33.8,Food_Delivery
T059,D04,V04,2026-08-16,2026-08-16 21:38:00,2026-08-16 22:03:00,25,17.88,42.9,85.2,Quick_Commerce
T060,D04,V04,2026-08-10,2026-08-10 23:39:00,2026-08-11 00:00:00,21,4.51,12.9,38.9,Food_Delivery
T061,D05,V05,2026-08-10,2026-08-10 16:18:00,2026-08-10 16:49:00,31,13.49,26.1,37.3,On_Demand_Rider
T062,D05,V05,2026-08-11,2026-08-11 17:35:00,2026-08-11 17:57:00,22,9.68,26.4,39.1,Quick_Commerce
T063,D05,V05,2026-08-12,2026-08-12 19:34:00,2026-08-12 19:49:00,15,3.38,13.5,31.2,Parcel_Delivery
T064,D05,V05,2026-08-13,2026-08-13 20:08:00,2026-08-13 20:24:00,16,5.49,20.6,31.6,Food_Delivery
T065,D05,V05,2026-08-14,2026-08-14 22:34:00,2026-08-14 22:49:00,15,4.72,18.9,36.3,Food_Delivery
T066,D05,V05,2026-08-15,2026-08-15 23:26:00,2026-08-15 23:59:00,33,14.52,26.4,39.2,Food_Delivery
T067,D05,V05,2026-08-17,2026-08-17 01:18:00,2026-08-17 01:54:00,36,16.32,27.2,37.5,Quick_Commerce
T068,D05,V05,2026-08-11,2026-08-11 02:15:00,2026-08-11 02:34:00,19,6.9,21.8,34.2,Quick_Commerce
T069,D05,V05,2026-08-12,2026-08-12 04:42:00,2026-08-12 04:57:00,15,4.33,17.3,33.3,On_Demand_Rider
T070,D05,V05,2026-08-13,2026-08-13 05:16:00,2026-08-13 05:44:00,28,13.07,28.0,39.1,Food_Delivery
T071,D05,V05,2026-08-13,2026-08-13 17:32:00,2026-08-13 17:54:00,22,8.8,24.0,36.4,Quick_Commerce
T072,D05,V05,2026-08-14,2026-08-14 18:41:00,2026-08-14 19:13:00,32,13.92,26.1,38.6,Food_Delivery
T073,D05,V05,2026-08-15,2026-08-15 20:11:00,2026-08-15 20:25:00,14,4.97,21.3,34.5,On_Demand_Rider
T074,D05,V05,2026-08-16,2026-08-16 21:19:00,2026-08-16 21:44:00,25,10.29,24.7,36.8,Quick_Commerce
T075,D05,V05,2026-08-10,2026-08-10 23:21:00,2026-08-10 23:36:00,15,5.2,20.8,34.6,On_Demand_Rider
T076,D06,V06,2026-08-10,2026-08-10 16:13:00,2026-08-10 16:38:00,25,10.58,25.4,38.9,Quick_Commerce
T077,D06,V06,2026-08-11,2026-08-11 17:27:00,2026-08-11 17:51:00,24,9.72,24.3,37.5,Food_Delivery
T078,D06,V06,2026-08-12,2026-08-12 19:33:00,2026-08-12 20:07:00,34,14.45,25.5,35.4,Food_Delivery
T079,D06,V06,2026-08-13,2026-08-13 20:41:00,2026-08-13 21:06:00,25,9.79,23.5,36.1,Food_Delivery
T080,D06,V06,2026-08-14,2026-08-14 22:02:00,2026-08-14 22:21:00,19,5.76,18.2,30.2,Food_Delivery
T081,D06,V06,2026-08-15,2026-08-15 23:05:00,2026-08-15 23:26:00,21,7.46,21.3,33.5,Food_Delivery
T082,D06,V06,2026-08-17,2026-08-17 01:28:00,2026-08-17 02:01:00,33,14.3,26.0,38.0,Food_Delivery
T083,D06,V06,2026-08-11,2026-08-11 02:29:00,2026-08-11 02:49:00,20,8.37,25.1,39.7,Food_Delivery
T084,D06,V06,2026-08-12,2026-08-12 04:36:00,2026-08-12 05:00:00,24,9.08,22.7,37.5,Food_Delivery
T085,D06,V06,2026-08-13,2026-08-13 05:15:00,2026-08-13 05:32:00,17,6.43,22.7,33.7,Quick_Commerce
T086,D06,V06,2026-08-13,2026-08-13 17:21:00,2026-08-13 17:46:00,25,9.63,23.1,33.0,Quick_Commerce
T087,D06,V06,2026-08-14,2026-08-14 18:03:00,2026-08-14 18:24:00,21,8.05,23.0,34.6,Food_Delivery
T088,D06,V06,2026-08-15,2026-08-15 20:23:00,2026-08-15 20:46:00,23,8.66,22.6,34.0,Quick_Commerce
T089,D06,V06,2026-08-16,2026-08-16 21:27:00,2026-08-16 21:47:00,20,5.9,17.7,29.7,Quick_Commerce
T090,D06,V06,2026-08-10,2026-08-10 23:33:00,2026-08-11 00:03:00,30,11.6,23.2,34.1,Quick_Commerce
T091,D07,V07,2026-08-10,2026-08-10 16:08:00,2026-08-10 16:31:00,23,7.48,19.5,31.0,Food_Delivery
T092,D07,V07,2026-08-11,2026-08-11 17:14:00,2026-08-11 17:29:00,15,3.67,14.7,26.3,Parcel_Delivery
T093,D07,V07,2026-08-12,2026-08-12 19:29:00,2026-08-12 19:56:00,27,10.89,24.2,34.2,On_Demand_Rider
T094,D07,V07,2026-08-13,2026-08-13 20:11:00,2026-08-13 20:39:00,28,13.02,27.9,39.9,Quick_Commerce
T095,D07,V07,2026-08-14,2026-08-14 22:16:00,2026-08-14 22:36:00,20,7.87,23.6,34.6,Parcel_Delivery
T096,D07,V07,2026-08-15,2026-08-15 23:04:00,2026-08-15 23:23:00,19,5.79,18.3,30.0,Food_Delivery
T097,D07,V07,2026-08-17,2026-08-17 01:15:00,2026-08-17 01:35:00,20,7.13,21.4,31.3,Food_Delivery
T098,D07,V07,2026-08-11,2026-08-11 02:17:00,2026-08-11 02:34:00,17,5.89,20.8,38.2,Food_Delivery
T099,D07,V07,2026-08-12,2026-08-12 04:07:00,2026-08-12 04:29:00,22,9.13,24.9,39.4,Parcel_Delivery
T100,D07,V07,2026-08-13,2026-08-13 05:23:00,2026-08-13 05:44:00,21,7.66,21.9,32.9,Quick_Commerce
T101,D07,V07,2026-08-13,2026-08-13 17:10:00,2026-08-13 17:47:00,37,16.22,26.3,35.8,On_Demand_Rider
T102,D07,V07,2026-08-14,2026-08-14 18:18:00,2026-08-14 18:33:00,15,3.02,12.1,21.3,Food_Delivery
T103,D07,V07,2026-08-15,2026-08-15 20:09:00,2026-08-15 20:33:00,24,8.48,21.2,32.6,Quick_Commerce
T104,D07,V07,2026-08-16,2026-08-16 21:41:00,2026-08-16 22:18:00,37,17.02,27.6,36.2,On_Demand_Rider
T105,D07,V07,2026-08-10,2026-08-10 23:06:00,2026-08-10 23:20:00,14,4.41,18.9,34.6,Quick_Commerce
T106,D08,V08,2026-08-10,2026-08-10 16:23:00,2026-08-10 16:53:00,30,20.6,41.2,67.6,Quick_Commerce
T107,D08,V08,2026-08-11,2026-08-11 17:44:00,2026-08-11 18:02:00,18,9.63,32.1,55.5,Food_Delivery
T108,D08,V08,2026-08-12,2026-08-12 19:43:00,2026-08-12 20:08:00,25,14.42,34.6,56.0,On_Demand_Rider
T109,D08,V08,2026-08-13,2026-08-13 20:22:00,2026-08-13 20:59:00,37,25.35,41.1,60.0,Quick_Commerce
T110,D08,V08,2026-08-14,2026-08-14 22:15:00,2026-08-14 22:33:00,18,5.7,19.0,55.0,Food_Delivery
T111,D08,V08,2026-08-15,2026-08-15 23:11:00,2026-08-15 23:31:00,20,10.9,32.7,49.9,Food_Delivery
T112,D08,V08,2026-08-17,2026-08-17 01:24:00,2026-08-17 01:55:00,31,21.6,41.8,61.1,On_Demand_Rider
T113,D08,V08,2026-08-11,2026-08-11 02:11:00,2026-08-11 02:42:00,31,19.53,37.8,63.1,Quick_Commerce
T114,D08,V08,2026-08-12,2026-08-12 04:07:00,2026-08-12 04:36:00,29,21.32,44.1,61.6,Food_Delivery
T115,D08,V08,2026-08-13,2026-08-13 05:07:00,2026-08-13 05:29:00,22,11.48,31.3,54.8,Quick_Commerce
T116,D08,V08,2026-08-13,2026-08-13 17:42:00,2026-08-13 18:14:00,32,23.52,44.1,68.1,Parcel_Delivery
T117,D08,V08,2026-08-14,2026-08-14 18:12:00,2026-08-14 18:31:00,19,8.17,25.8,48.4,Food_Delivery
T118,D08,V08,2026-08-15,2026-08-15 20:17:00,2026-08-15 20:37:00,20,9.3,27.9,47.6,Quick_Commerce
T119,D08,V08,2026-08-16,2026-08-16 21:20:00,2026-08-16 21:56:00,36,21.48,35.8,53.2,Quick_Commerce
T120,D08,V08,2026-08-10,2026-08-10 23:20:00,2026-08-10 23:41:00,21,10.85,31.0,66.2,Food_Delivery
T121,D09,V09,2026-08-10,2026-08-10 16:34:00,2026-08-10 17:05:00,31,13.8,26.7,38.0,Parcel_Delivery
T122,D09,V09,2026-08-11,2026-08-11 17:22:00,2026-08-11 17:59:00,37,15.36,24.9,35.0,Food_Delivery
T123,D09,V09,2026-08-12,2026-08-12 19:01:00,2026-08-12 19:37:00,36,16.56,27.6,41.5,On_Demand_Rider
T124,D09,V09,2026-08-13,2026-08-13 20:34:00,2026-08-13 21:07:00,33,14.69,26.7,36.6,Food_Delivery
T125,D09,V09,2026-08-14,2026-08-14 22:30:00,2026-08-14 22:58:00,28,11.25,24.1,37.3,Food_Delivery
T126,D09,V09,2026-08-15,2026-08-15 23:32:00,2026-08-15 23:56:00,24,9.2,23.0,33.1,Quick_Commerce
T127,D09,V09,2026-08-17,2026-08-17 01:40:00,2026-08-17 02:06:00,26,10.4,24.0,35.8,Food_Delivery
T128,D09,V09,2026-08-11,2026-08-11 02:16:00,2026-08-11 02:53:00,37,17.7,28.7,38.9,Food_Delivery
T129,D09,V09,2026-08-12,2026-08-12 04:44:00,2026-08-12 05:08:00,24,8.32,20.8,32.3,Quick_Commerce
T130,D09,V09,2026-08-13,2026-08-13 05:07:00,2026-08-13 05:26:00,19,7.28,23.0,40.1,On_Demand_Rider
T131,D09,V09,2026-08-13,2026-08-13 17:44:00,2026-08-13 18:05:00,21,7.66,21.9,33.3,Food_Delivery
T132,D09,V09,2026-08-14,2026-08-14 18:36:00,2026-08-14 18:51:00,15,5.25,21.0,32.2,Food_Delivery
T133,D09,V09,2026-08-15,2026-08-15 20:02:00,2026-08-15 20:18:00,16,3.31,12.4,28.7,Food_Delivery
T134,D09,V09,2026-08-16,2026-08-16 21:36:00,2026-08-16 22:08:00,32,14.29,26.8,37.6,Parcel_Delivery
T135,D09,V09,2026-08-10,2026-08-10 23:30:00,2026-08-10 23:50:00,20,7.1,21.3,31.9,On_Demand_Rider
T136,D10,V10,2026-08-10,2026-08-10 16:29:00,2026-08-10 16:47:00,18,6.9,23.0,36.1,Food_Delivery
T137,D10,V10,2026-08-11,2026-08-11 17:43:00,2026-08-11 17:59:00,16,5.87,22.0,39.2,Parcel_Delivery
T138,D10,V10,2026-08-12,2026-08-12 19:37:00,2026-08-12 20:00:00,23,8.86,23.1,37.9,Food_Delivery
T139,D10,V10,2026-08-13,2026-08-13 20:20:00,2026-08-13 20:54:00,34,12.35,21.8,34.4,Parcel_Delivery
T140,D10,V10,2026-08-14,2026-08-14 22:36:00,2026-08-14 22:58:00,22,7.55,20.6,30.4,Quick_Commerce
T141,D10,V10,2026-08-15,2026-08-15 23:14:00,2026-08-15 23:34:00,20,7.5,22.5,34.0,Quick_Commerce
T142,D10,V10,2026-08-17,2026-08-17 01:39:00,2026-08-17 01:57:00,18,6.87,22.9,35.2,Quick_Commerce
T143,D10,V10,2026-08-11,2026-08-11 02:21:00,2026-08-11 02:52:00,31,12.97,25.1,40.9,Quick_Commerce
T144,D10,V10,2026-08-12,2026-08-12 04:43:00,2026-08-12 05:17:00,34,14.68,25.9,36.7,On_Demand_Rider
T145,D10,V10,2026-08-13,2026-08-13 05:11:00,2026-08-13 05:42:00,31,14.21,27.5,40.9,Food_Delivery
T146,D10,V10,2026-08-13,2026-08-13 17:14:00,2026-08-13 17:38:00,24,9.84,24.6,32.8,Quick_Commerce
T147,D10,V10,2026-08-14,2026-08-14 18:26:00,2026-08-14 18:48:00,22,6.34,17.3,34.0,Parcel_Delivery
T148,D10,V10,2026-08-15,2026-08-15 20:34:00,2026-08-15 20:52:00,18,5.85,19.5,33.8,Quick_Commerce
T149,D10,V10,2026-08-16,2026-08-16 21:17:00,2026-08-16 21:44:00,27,12.02,26.7,44.1,On_Demand_Rider
T150,D10,V10,2026-08-10,2026-08-10 23:28:00,2026-08-10 23:53:00,25,9.17,22.0,33.7,Food_Delivery
T151,D11,V11,2026-08-11,2026-08-11 05:31:00,2026-08-11 06:02:00,31,11.88,23.0,37.5,Food_Delivery
T152,D11,V11,2026-08-12,2026-08-12 06:37:00,2026-08-12 07:04:00,27,12.29,27.3,37.5,Parcel_Delivery
T153,D11,V11,2026-08-13,2026-08-13 07:42:00,2026-08-13 08:10:00,28,11.81,25.3,40.0,Parcel_Delivery
T154,D11,V11,2026-08-13,2026-08-13 08:00:00,2026-08-13 08:37:00,37,17.57,28.5,40.6,Food_Delivery
T155,D11,V11,2026-08-14,2026-08-14 09:03:00,2026-08-14 09:40:00,37,14.31,23.2,37.2,On_Demand_Rider
T156,D11,V11,2026-08-15,2026-08-15 10:11:00,2026-08-15 10:36:00,25,9.71,23.3,37.4,Quick_Commerce
T157,D11,V11,2026-08-17,2026-08-17 05:29:00,2026-08-17 05:56:00,27,13.41,29.8,40.1,Quick_Commerce
T158,D11,V11,2026-08-11,2026-08-11 06:27:00,2026-08-11 07:00:00,33,14.58,26.5,37.4,Quick_Commerce
T159,D11,V11,2026-08-12,2026-08-12 07:33:00,2026-08-12 07:50:00,17,5.33,18.8,29.9,Food_Delivery
T160,D11,V11,2026-08-12,2026-08-12 08:35:00,2026-08-12 09:02:00,27,10.21,22.7,32.5,Food_Delivery
T161,D11,V11,2026-08-13,2026-08-13 09:27:00,2026-08-13 10:04:00,37,17.39,28.2,40.0,Food_Delivery
T162,D11,V11,2026-08-14,2026-08-14 10:00:00,2026-08-14 10:29:00,29,13.39,27.7,36.1,Food_Delivery
T163,D11,V11,2026-08-16,2026-08-16 05:09:00,2026-08-16 05:37:00,28,11.76,25.2,36.3,Food_Delivery
T164,D11,V11,2026-08-17,2026-08-17 06:03:00,2026-08-17 06:32:00,29,11.46,23.7,35.0,Quick_Commerce
T165,D11,V11,2026-08-11,2026-08-11 07:38:00,2026-08-11 07:55:00,17,5.55,19.6,36.4,Food_Delivery
T166,D12,V12,2026-08-10,2026-08-10 16:18:00,2026-08-10 16:54:00,36,16.56,27.6,39.2,On_Demand_Rider
T167,D12,V12,2026-08-11,2026-08-11 17:21:00,2026-08-11 17:37:00,16,3.79,14.2,23.6,Quick_Commerce
T168,D12,V12,2026-08-12,2026-08-12 19:12:00,2026-08-12 19:27:00,15,5.17,20.7,35.1,Quick_Commerce
T169,D12,V12,2026-08-13,2026-08-13 20:10:00,2026-08-13 20:32:00,22,8.21,22.4,33.5,Quick_Commerce
T170,D12,V12,2026-08-14,2026-08-14 22:16:00,2026-08-14 22:30:00,14,3.71,15.9,24.8,Quick_Commerce
T171,D12,V12,2026-08-15,2026-08-15 23:10:00,2026-08-15 23:24:00,14,3.64,15.6,28.8,Food_Delivery
T172,D12,V12,2026-08-17,2026-08-17 01:18:00,2026-08-17 01:48:00,30,13.55,27.1,38.6,Food_Delivery
T173,D12,V12,2026-08-11,2026-08-11 02:23:00,2026-08-11 02:57:00,34,16.09,28.4,38.1,Food_Delivery
T174,D12,V12,2026-08-12,2026-08-12 04:09:00,2026-08-12 04:32:00,23,9.32,24.3,32.8,Quick_Commerce
T175,D12,V12,2026-08-13,2026-08-13 05:12:00,2026-08-13 05:46:00,34,14.68,25.9,35.3,Quick_Commerce
T176,D12,V12,2026-08-13,2026-08-13 17:39:00,2026-08-13 18:14:00,35,15.17,26.0,36.9,Quick_Commerce
T177,D12,V12,2026-08-14,2026-08-14 18:37:00,2026-08-14 19:08:00,31,14.11,27.3,36.9,Food_Delivery
T178,D12,V12,2026-08-15,2026-08-15 20:14:00,2026-08-15 20:38:00,24,10.64,26.6,39.2,Quick_Commerce
T179,D12,V12,2026-08-16,2026-08-16 21:40:00,2026-08-16 22:03:00,23,9.93,25.9,42.9,Food_Delivery
T180,D12,V12,2026-08-10,2026-08-10 23:02:00,2026-08-10 23:34:00,32,15.41,28.9,39.6,Food_Delivery
T181,D13,V13,2026-08-10,2026-08-10 16:05:00,2026-08-10 16:22:00,17,5.75,20.3,31.3,Quick_Commerce
T182,D13,V13,2026-08-11,2026-08-11 17:32:00,2026-08-11 17:53:00,21,7.94,22.7,34.0,Parcel_Delivery
T183,D13,V13,2026-08-12,2026-08-12 19:39:00,2026-08-12 20:09:00,30,12.85,25.7,34.6,Food_Delivery
T184,D13,V13,2026-08-13,2026-08-13 20:44:00,2026-08-13 21:03:00,19,7.35,23.2,37.5,Food_Delivery
T185,D13,V13,2026-08-14,2026-08-14 22:31:00,2026-08-14 22:48:00,17,5.98,21.1,35.4,Parcel_Delivery
T186,D13,V13,2026-08-15,2026-08-15 23:07:00,2026-08-15 23:39:00,32,13.44,25.2,37.4,On_Demand_Rider
T187,D13,V13,2026-08-17,2026-08-17 01:15:00,2026-08-17 01:38:00,23,8.7,22.7,38.7,Food_Delivery
T188,D13,V13,2026-08-11,2026-08-11 02:29:00,2026-08-11 02:49:00,20,8.0,24.0,37.6,Food_Delivery
T189,D13,V13,2026-08-12,2026-08-12 04:00:00,2026-08-12 04:28:00,28,11.85,25.4,37.8,Parcel_Delivery
T190,D13,V13,2026-08-13,2026-08-13 05:38:00,2026-08-13 06:08:00,30,9.75,19.5,32.4,Quick_Commerce
T191,D13,V13,2026-08-13,2026-08-13 17:42:00,2026-08-13 17:58:00,16,5.71,21.4,34.7,Food_Delivery
T192,D13,V13,2026-08-14,2026-08-14 18:18:00,2026-08-14 18:52:00,34,15.98,28.2,37.0,On_Demand_Rider
T193,D13,V13,2026-08-15,2026-08-15 20:05:00,2026-08-15 20:34:00,29,13.34,27.6,37.5,Food_Delivery
T194,D13,V13,2026-08-16,2026-08-16 21:14:00,2026-08-16 21:30:00,16,5.25,19.7,33.9,Food_Delivery
T195,D13,V13,2026-08-10,2026-08-10 23:12:00,2026-08-10 23:44:00,32,12.8,24.0,37.6,Food_Delivery
T196,D14,V14,2026-08-10,2026-08-10 16:14:00,2026-08-10 16:47:00,33,14.69,26.7,38.3,Food_Delivery
T197,D14,V14,2026-08-11,2026-08-11 17:01:00,2026-08-11 17:25:00,24,9.2,23.0,38.0,Food_Delivery
T198,D14,V14,2026-08-12,2026-08-12 19:21:00,2026-08-12 19:47:00,26,10.23,23.6,34.8,On_Demand_Rider
T199,D14,V14,2026-08-13,2026-08-13 20:26:00,2026-08-13 20:56:00,30,13.8,27.6,37.1,Quick_Commerce
T200,D14,V14,2026-08-14,2026-08-14 22:28:00,2026-08-14 22:52:00,24,8.12,20.3,32.6,Parcel_Delivery
T201,D14,V14,2026-08-15,2026-08-15 23:14:00,2026-08-15 23:45:00,31,11.63,22.5,33.2,Food_Delivery
T202,D14,V14,2026-08-17,2026-08-17 01:35:00,2026-08-17 01:49:00,14,3.62,15.5,26.0,Food_Delivery
T203,D14,V14,2026-08-11,2026-08-11 02:19:00,2026-08-11 02:46:00,27,11.07,24.6,37.5,Food_Delivery
T204,D14,V14,2026-08-12,2026-08-12 04:14:00,2026-08-12 04:34:00,20,8.13,24.4,34.2,Quick_Commerce
T205,D14,V14,2026-08-13,2026-08-13 05:33:00,2026-08-13 05:49:00,16,5.17,19.4,30.1,Food_Delivery
T206,D14,V14,2026-08-13,2026-08-13 17:37:00,2026-08-13 17:55:00,18,6.12,20.4,31.2,Food_Delivery
T207,D14,V14,2026-08-14,2026-08-14 18:42:00,2026-08-14 19:16:00,34,14.34,25.3,39.7,Food_Delivery
T208,D14,V14,2026-08-15,2026-08-15 20:37:00,2026-08-15 21:01:00,24,8.4,21.0,33.0,Food_Delivery
T209,D14,V14,2026-08-16,2026-08-16 21:07:00,2026-08-16 21:27:00,20,7.7,23.1,34.8,Food_Delivery
T210,D14,V14,2026-08-10,2026-08-10 23:42:00,2026-08-10 23:56:00,14,4.62,19.8,32.1,Quick_Commerce
T211,D15,V15,2026-08-10,2026-08-10 16:34:00,2026-08-10 16:55:00,21,8.61,24.6,46.3,Food_Delivery
T212,D15,V15,2026-08-11,2026-08-11 17:16:00,2026-08-11 17:47:00,31,15.81,30.6,53.0,Quick_Commerce
T213,D15,V15,2026-08-12,2026-08-12 19:44:00,2026-08-12 20:05:00,21,10.61,30.3,68.5,Food_Delivery
T214,D15,V15,2026-08-13,2026-08-13 20:39:00,2026-08-13 20:59:00,20,10.87,32.6,51.3,Quick_Commerce
T215,D15,V15,2026-08-14,2026-08-14 22:39:00,2026-08-14 23:02:00,23,10.54,27.5,39.1,Food_Delivery
T216,D15,V15,2026-08-15,2026-08-15 23:07:00,2026-08-15 23:31:00,24,13.72,34.3,54.1,Food_Delivery
T217,D15,V15,2026-08-17,2026-08-17 01:24:00,2026-08-17 01:51:00,27,9.95,22.1,37.8,Food_Delivery
T218,D15,V15,2026-08-11,2026-08-11 02:03:00,2026-08-11 02:21:00,18,8.67,28.9,46.3,Quick_Commerce
T219,D15,V15,2026-08-12,2026-08-12 04:28:00,2026-08-12 04:47:00,19,6.81,21.5,41.2,Quick_Commerce
T220,D15,V15,2026-08-13,2026-08-13 05:09:00,2026-08-13 05:35:00,26,16.55,38.2,56.1,On_Demand_Rider
T221,D15,V15,2026-08-13,2026-08-13 17:01:00,2026-08-13 17:15:00,14,3.34,14.3,35.6,Food_Delivery
T222,D15,V15,2026-08-14,2026-08-14 18:16:00,2026-08-14 18:42:00,26,18.16,41.9,76.0,Parcel_Delivery
T223,D15,V15,2026-08-15,2026-08-15 20:00:00,2026-08-15 20:26:00,26,14.39,33.2,54.4,Food_Delivery
T224,D15,V15,2026-08-16,2026-08-16 21:16:00,2026-08-16 21:50:00,34,19.55,34.5,63.8,Food_Delivery
T225,D15,V15,2026-08-10,2026-08-10 23:23:00,2026-08-10 23:50:00,27,15.48,34.4,50.4,Food_Delivery
T226,D16,V16,2026-08-10,2026-08-10 16:19:00,2026-08-10 16:33:00,14,4.18,17.9,34.5,Parcel_Delivery
T227,D16,V16,2026-08-11,2026-08-11 17:25:00,2026-08-11 18:00:00,35,16.68,28.6,41.6,Quick_Commerce
T228,D16,V16,2026-08-12,2026-08-12 19:03:00,2026-08-12 19:38:00,35,14.64,25.1,35.7,Food_Delivery
T229,D16,V16,2026-08-13,2026-08-13 20:29:00,2026-08-13 20:51:00,22,6.56,17.9,31.3,Quick_Commerce
T230,D16,V16,2026-08-14,2026-08-14 22:25:00,2026-08-14 22:58:00,33,12.98,23.6,36.5,Quick_Commerce
T231,D16,V16,2026-08-15,2026-08-15 23:21:00,2026-08-15 23:49:00,28,11.85,25.4,34.5,Quick_Commerce
T232,D16,V16,2026-08-17,2026-08-17 01:01:00,2026-08-17 01:32:00,31,12.45,24.1,34.1,On_Demand_Rider
T233,D16,V16,2026-08-11,2026-08-11 02:08:00,2026-08-11 02:28:00,20,7.67,23.0,34.5,Food_Delivery
T234,D16,V16,2026-08-12,2026-08-12 04:00:00,2026-08-12 04:14:00,14,4.25,18.2,29.9,On_Demand_Rider
T235,D16,V16,2026-08-13,2026-08-13 05:19:00,2026-08-13 05:36:00,17,6.01,21.2,35.2,Food_Delivery
T236,D16,V16,2026-08-13,2026-08-13 17:18:00,2026-08-13 17:39:00,21,7.49,21.4,34.3,Quick_Commerce
T237,D16,V16,2026-08-14,2026-08-14 18:21:00,2026-08-14 18:49:00,28,12.41,26.6,43.7,Food_Delivery
T238,D16,V16,2026-08-15,2026-08-15 20:35:00,2026-08-15 21:11:00,36,15.42,25.7,38.7,On_Demand_Rider
T239,D16,V16,2026-08-16,2026-08-16 21:42:00,2026-08-16 22:10:00,28,10.92,23.4,36.4,Quick_Commerce
T240,D16,V16,2026-08-10,2026-08-10 23:42:00,2026-08-11 00:16:00,34,15.58,27.5,38.0,Quick_Commerce
T241,D17,V17,2026-08-10,2026-08-10 16:22:00,2026-08-10 16:45:00,23,8.43,22.0,35.1,Food_Delivery
T242,D17,V17,2026-08-11,2026-08-11 17:44:00,2026-08-11 18:16:00,32,13.17,24.7,36.7,Food_Delivery
T243,D17,V17,2026-08-12,2026-08-12 19:34:00,2026-08-12 20:08:00,34,14.05,24.8,35.1,Food_Delivery
T244,D17,V17,2026-08-13,2026-08-13 20:31:00,2026-08-13 20:55:00,24,11.0,27.5,37.3,Quick_Commerce
T245,D17,V17,2026-08-14,2026-08-14 22:34:00,2026-08-14 23:05:00,31,13.33,25.8,35.3,Parcel_Delivery
T246,D17,V17,2026-08-15,2026-08-15 23:22:00,2026-08-15 23:57:00,35,13.65,23.4,33.3,Parcel_Delivery
T247,D17,V17,2026-08-17,2026-08-17 01:15:00,2026-08-17 01:50:00,35,14.76,25.3,35.9,Parcel_Delivery
T248,D17,V17,2026-08-11,2026-08-11 02:02:00,2026-08-11 02:39:00,37,16.46,26.7,38.9,Quick_Commerce
T249,D17,V17,2026-08-12,2026-08-12 04:30:00,2026-08-12 05:02:00,32,13.17,24.7,34.2,Food_Delivery
T250,D17,V17,2026-08-13,2026-08-13 05:30:00,2026-08-13 05:48:00,18,5.25,17.5,29.7,On_Demand_Rider
T251,D17,V17,2026-08-13,2026-08-13 17:01:00,2026-08-13 17:17:00,16,4.67,17.5,31.4,Food_Delivery
T252,D17,V17,2026-08-14,2026-08-14 18:41:00,2026-08-14 19:05:00,24,8.68,21.7,29.6,Food_Delivery
T253,D17,V17,2026-08-15,2026-08-15 20:16:00,2026-08-15 20:31:00,15,5.17,20.7,35.4,Parcel_Delivery
T254,D17,V17,2026-08-16,2026-08-16 21:43:00,2026-08-16 21:59:00,16,3.87,14.5,32.9,Food_Delivery
T255,D17,V17,2026-08-10,2026-08-10 23:02:00,2026-08-10 23:28:00,26,11.61,26.8,36.0,Food_Delivery
T256,D18,V18,2026-08-10,2026-08-10 16:27:00,2026-08-10 16:58:00,31,14.16,27.4,39.5,Quick_Commerce
T257,D18,V18,2026-08-11,2026-08-11 17:35:00,2026-08-11 18:08:00,33,14.91,27.1,37.3,Food_Delivery
T258,D18,V18,2026-08-12,2026-08-12 19:10:00,2026-08-12 19:28:00,18,6.54,21.8,35.6,Quick_Commerce
T259,D18,V18,2026-08-13,2026-08-13 20:13:00,2026-08-13 20:47:00,34,14.22,25.1,35.4,Food_Delivery
T260,D18,V18,2026-08-14,2026-08-14 22:43:00,2026-08-14 23:19:00,36,15.12,25.2,36.9,Food_Delivery
T261,D18,V18,2026-08-15,2026-08-15 23:30:00,2026-08-16 00:00:00,30,14.2,28.4,45.6,Quick_Commerce
T262,D18,V18,2026-08-17,2026-08-17 01:31:00,2026-08-17 02:04:00,33,14.58,26.5,41.7,On_Demand_Rider
T263,D18,V18,2026-08-11,2026-08-11 02:32:00,2026-08-11 02:57:00,25,9.92,23.8,36.6,Food_Delivery
T264,D18,V18,2026-08-12,2026-08-12 04:15:00,2026-08-12 04:44:00,29,12.76,26.4,37.4,Parcel_Delivery
T265,D18,V18,2026-08-13,2026-08-13 05:33:00,2026-08-13 06:00:00,27,12.38,27.5,38.7,Food_Delivery
T266,D18,V18,2026-08-13,2026-08-13 17:12:00,2026-08-13 17:27:00,15,5.35,21.4,35.8,Parcel_Delivery
T267,D18,V18,2026-08-14,2026-08-14 18:39:00,2026-08-14 19:15:00,36,16.26,27.1,39.7,Food_Delivery
T268,D18,V18,2026-08-15,2026-08-15 20:44:00,2026-08-15 21:03:00,19,7.09,22.4,34.9,Food_Delivery
T269,D18,V18,2026-08-16,2026-08-16 21:35:00,2026-08-16 21:56:00,21,7.8,22.3,33.3,Parcel_Delivery
T270,D18,V18,2026-08-10,2026-08-10 23:38:00,2026-08-11 00:06:00,28,12.37,26.5,39.2,On_Demand_Rider
T271,D19,V19,2026-08-10,2026-08-10 16:35:00,2026-08-10 16:51:00,16,5.36,20.1,39.0,Quick_Commerce
T272,D19,V19,2026-08-11,2026-08-11 17:11:00,2026-08-11 17:33:00,22,7.55,20.6,35.0,Food_Delivery
T273,D19,V19,2026-08-12,2026-08-12 19:03:00,2026-08-12 19:29:00,26,10.23,23.6,40.8,On_Demand_Rider
T274,D19,V19,2026-08-13,2026-08-13 20:44:00,2026-08-13 21:17:00,33,13.42,24.4,35.3,Food_Delivery
T275,D19,V19,2026-08-14,2026-08-14 22:06:00,2026-08-14 22:27:00,21,8.82,25.2,35.4,Food_Delivery
T276,D19,V19,2026-08-15,2026-08-15 23:12:00,2026-08-15 23:39:00,27,10.66,23.7,33.0,Food_Delivery
T277,D19,V19,2026-08-17,2026-08-17 01:30:00,2026-08-17 01:48:00,18,5.73,19.1,29.2,Quick_Commerce
T278,D19,V19,2026-08-11,2026-08-11 02:28:00,2026-08-11 02:49:00,21,9.27,26.5,41.1,Food_Delivery
T279,D19,V19,2026-08-12,2026-08-12 04:03:00,2026-08-12 04:22:00,19,6.49,20.5,33.4,Food_Delivery
T280,D19,V19,2026-08-13,2026-08-13 05:09:00,2026-08-13 05:46:00,37,15.85,25.7,38.3,On_Demand_Rider
T281,D19,V19,2026-08-13,2026-08-13 17:16:00,2026-08-13 17:47:00,31,12.97,25.1,38.1,On_Demand_Rider
T282,D19,V19,2026-08-14,2026-08-14 18:31:00,2026-08-14 18:59:00,28,12.55,26.9,41.4,Parcel_Delivery
T283,D19,V19,2026-08-15,2026-08-15 20:43:00,2026-08-15 21:06:00,23,9.35,24.4,38.8,Food_Delivery
T284,D19,V19,2026-08-16,2026-08-16 21:15:00,2026-08-16 21:51:00,36,16.38,27.3,36.9,Parcel_Delivery
T285,D19,V19,2026-08-10,2026-08-10 23:24:00,2026-08-10 23:43:00,19,5.73,18.1,29.7,Food_Delivery
T286,D20,V20,2026-08-10,2026-08-10 16:23:00,2026-08-10 16:58:00,35,17.15,29.4,45.2,Food_Delivery
T287,D20,V20,2026-08-11,2026-08-11 17:02:00,2026-08-11 17:30:00,28,13.39,28.7,40.7,Food_Delivery
T288,D20,V20,2026-08-12,2026-08-12 19:09:00,2026-08-12 19:30:00,21,8.44,24.1,37.9,Food_Delivery
T289,D20,V20,2026-08-13,2026-08-13 20:08:00,2026-08-13 20:25:00,17,5.41,19.1,29.1,Parcel_Delivery
T290,D20,V20,2026-08-14,2026-08-14 22:26:00,2026-08-14 22:45:00,19,7.82,24.7,37.7,Quick_Commerce
T291,D20,V20,2026-08-15,2026-08-15 23:28:00,2026-08-15 23:50:00,22,5.83,15.9,31.7,Food_Delivery
T292,D20,V20,2026-08-17,2026-08-17 01:18:00,2026-08-17 01:51:00,33,15.24,27.7,38.9,Food_Delivery
T293,D20,V20,2026-08-11,2026-08-11 02:13:00,2026-08-11 02:42:00,29,11.26,23.3,37.5,Food_Delivery
T294,D20,V20,2026-08-12,2026-08-12 04:41:00,2026-08-12 05:02:00,21,7.0,20.0,32.7,Food_Delivery
T295,D20,V20,2026-08-13,2026-08-13 05:12:00,2026-08-13 05:40:00,28,11.2,24.0,36.6,Food_Delivery
T296,D20,V20,2026-08-13,2026-08-13 17:10:00,2026-08-13 17:34:00,24,10.0,25.0,36.7,Quick_Commerce
T297,D20,V20,2026-08-14,2026-08-14 18:21:00,2026-08-14 18:54:00,33,14.14,25.7,35.6,Food_Delivery
T298,D20,V20,2026-08-15,2026-08-15 20:32:00,2026-08-15 21:05:00,33,15.46,28.1,42.2,Food_Delivery
T299,D20,V20,2026-08-16,2026-08-16 21:32:00,2026-08-16 22:02:00,30,12.15,24.3,40.0,Quick_Commerce
T300,D20,V20,2026-08-10,2026-08-10 23:05:00,2026-08-10 23:40:00,35,16.68,28.6,38.3,Food_Delivery
T301,D21,V21,2026-08-10,2026-08-10 16:02:00,2026-08-10 16:34:00,32,13.65,25.6,36.2,Food_Delivery
T302,D21,V21,2026-08-11,2026-08-11 17:17:00,2026-08-11 17:45:00,28,11.06,23.7,37.3,On_Demand_Rider
T303,D21,V21,2026-08-12,2026-08-12 19:11:00,2026-08-12 19:33:00,22,9.39,25.6,36.0,On_Demand_Rider
T304,D21,V21,2026-08-13,2026-08-13 20:04:00,2026-08-13 20:30:00,26,9.49,21.9,35.7,On_Demand_Rider
T305,D21,V21,2026-08-14,2026-08-14 22:39:00,2026-08-14 23:13:00,34,13.77,24.3,36.1,Quick_Commerce
T306,D21,V21,2026-08-15,2026-08-15 23:13:00,2026-08-15 23:41:00,28,11.99,25.7,38.0,Food_Delivery
T307,D21,V21,2026-08-17,2026-08-17 01:17:00,2026-08-17 01:39:00,22,8.69,23.7,36.9,Quick_Commerce
T308,D21,V21,2026-08-11,2026-08-11 02:33:00,2026-08-11 03:01:00,28,12.09,25.9,39.9,Quick_Commerce
T309,D21,V21,2026-08-12,2026-08-12 04:10:00,2026-08-12 04:31:00,21,8.75,25.0,40.8,Food_Delivery
T310,D21,V21,2026-08-13,2026-08-13 05:27:00,2026-08-13 05:58:00,31,13.18,25.5,38.7,Quick_Commerce
T311,D21,V21,2026-08-13,2026-08-13 17:08:00,2026-08-13 17:32:00,24,9.08,22.7,36.3,Food_Delivery
T312,D21,V21,2026-08-14,2026-08-14 18:44:00,2026-08-14 19:21:00,37,17.95,29.1,44.0,On_Demand_Rider
T313,D21,V21,2026-08-15,2026-08-15 20:00:00,2026-08-15 20:17:00,17,5.67,20.0,33.3,Quick_Commerce
T314,D21,V21,2026-08-16,2026-08-16 21:21:00,2026-08-16 21:37:00,16,5.23,19.6,30.6,On_Demand_Rider
T315,D21,V21,2026-08-10,2026-08-10 23:39:00,2026-08-11 00:01:00,22,7.63,20.8,31.4,Quick_Commerce
T316,D22,V22,2026-08-10,2026-08-10 16:21:00,2026-08-10 16:47:00,26,11.01,25.4,42.5,Food_Delivery
T317,D22,V22,2026-08-11,2026-08-11 17:25:00,2026-08-11 17:55:00,30,15.95,31.9,51.7,Quick_Commerce
T318,D22,V22,2026-08-12,2026-08-12 19:15:00,2026-08-12 19:34:00,19,12.22,38.6,58.4,Parcel_Delivery
T319,D22,V22,2026-08-13,2026-08-13 20:04:00,2026-08-13 20:28:00,24,18.16,45.4,72.3,Food_Delivery
T320,D22,V22,2026-08-14,2026-08-14 22:10:00,2026-08-14 22:42:00,32,25.39,47.6,77.9,On_Demand_Rider
T321,D22,V22,2026-08-15,2026-08-15 23:35:00,2026-08-15 23:51:00,16,5.41,20.3,40.9,Quick_Commerce
T322,D22,V22,2026-08-17,2026-08-17 01:32:00,2026-08-17 02:00:00,28,19.46,41.7,68.4,Food_Delivery
T323,D22,V22,2026-08-11,2026-08-11 02:26:00,2026-08-11 02:45:00,19,9.56,30.2,50.8,Food_Delivery
T324,D22,V22,2026-08-12,2026-08-12 04:20:00,2026-08-12 04:37:00,17,6.23,22.0,41.5,Quick_Commerce
T325,D22,V22,2026-08-13,2026-08-13 05:01:00,2026-08-13 05:18:00,17,8.16,28.8,58.7,Parcel_Delivery
T326,D22,V22,2026-08-13,2026-08-13 17:02:00,2026-08-13 17:23:00,21,12.6,36.0,58.3,Quick_Commerce
T327,D22,V22,2026-08-14,2026-08-14 18:18:00,2026-08-14 18:53:00,35,25.14,43.1,62.9,Parcel_Delivery
T328,D22,V22,2026-08-15,2026-08-15 20:05:00,2026-08-15 20:32:00,27,18.18,40.4,64.9,Quick_Commerce
T329,D22,V22,2026-08-16,2026-08-16 21:37:00,2026-08-16 22:11:00,34,14.96,26.4,45.2,Food_Delivery
T330,D22,V22,2026-08-10,2026-08-10 23:14:00,2026-08-10 23:46:00,32,19.63,36.8,62.0,Food_Delivery
T331,D23,V23,2026-08-10,2026-08-10 16:37:00,2026-08-10 16:58:00,21,8.68,24.8,36.6,Parcel_Delivery
T332,D23,V23,2026-08-11,2026-08-11 17:30:00,2026-08-11 18:06:00,36,17.82,29.7,39.6,Quick_Commerce
T333,D23,V23,2026-08-12,2026-08-12 19:40:00,2026-08-12 20:02:00,22,7.77,21.2,31.5,Parcel_Delivery
T334,D23,V23,2026-08-13,2026-08-13 20:04:00,2026-08-13 20:41:00,37,16.59,26.9,38.6,Quick_Commerce
T335,D23,V23,2026-08-14,2026-08-14 22:19:00,2026-08-14 22:43:00,24,10.36,25.9,41.2,On_Demand_Rider
T336,D23,V23,2026-08-15,2026-08-15 23:20:00,2026-08-15 23:52:00,32,12.11,22.7,34.3,On_Demand_Rider
T337,D23,V23,2026-08-17,2026-08-17 01:26:00,2026-08-17 02:02:00,36,17.58,29.3,40.1,Food_Delivery
T338,D23,V23,2026-08-11,2026-08-11 02:17:00,2026-08-11 02:38:00,21,6.89,19.7,31.1,Food_Delivery
T339,D23,V23,2026-08-12,2026-08-12 04:33:00,2026-08-12 05:10:00,37,15.97,25.9,35.6,Food_Delivery
T340,D23,V23,2026-08-13,2026-08-13 05:21:00,2026-08-13 05:35:00,14,4.08,17.5,28.4,Food_Delivery
T341,D23,V23,2026-08-13,2026-08-13 17:05:00,2026-08-13 17:27:00,22,7.85,21.4,33.3,Food_Delivery
T342,D23,V23,2026-08-14,2026-08-14 18:42:00,2026-08-14 19:11:00,29,12.66,26.2,37.1,Food_Delivery
T343,D23,V23,2026-08-15,2026-08-15 20:40:00,2026-08-15 21:10:00,30,10.45,20.9,33.1,Food_Delivery
T344,D23,V23,2026-08-16,2026-08-16 21:42:00,2026-08-16 22:04:00,22,9.2,25.1,39.5,Parcel_Delivery
T345,D23,V23,2026-08-10,2026-08-10 23:44:00,2026-08-11 00:16:00,32,13.6,25.5,39.0,Parcel_Delivery
T346,D24,V24,2026-08-10,2026-08-10 16:36:00,2026-08-10 17:06:00,30,12.35,24.7,38.6,Quick_Commerce
T347,D24,V24,2026-08-11,2026-08-11 17:31:00,2026-08-11 17:46:00,15,4.12,16.5,27.1,Quick_Commerce
T348,D24,V24,2026-08-12,2026-08-12 19:04:00,2026-08-12 19:29:00,25,10.0,24.0,34.0,Quick_Commerce
T349,D24,V24,2026-08-13,2026-08-13 20:44:00,2026-08-13 20:58:00,14,4.34,18.6,32.7,Quick_Commerce
T350,D24,V24,2026-08-14,2026-08-14 22:00:00,2026-08-14 22:27:00,27,11.21,24.9,37.8,Food_Delivery
T351,D24,V24,2026-08-15,2026-08-15 23:27:00,2026-08-16 00:01:00,34,16.09,28.4,45.8,Food_Delivery
T352,D24,V24,2026-08-17,2026-08-17 01:02:00,2026-08-17 01:36:00,34,14.79,26.1,35.0,Parcel_Delivery
T353,D24,V24,2026-08-11,2026-08-11 02:32:00,2026-08-11 02:52:00,20,5.47,16.4,30.4,Quick_Commerce
T354,D24,V24,2026-08-12,2026-08-12 04:29:00,2026-08-12 04:55:00,26,11.18,25.8,36.5,Quick_Commerce
T355,D24,V24,2026-08-13,2026-08-13 05:33:00,2026-08-13 06:04:00,31,15.14,29.3,42.2,Parcel_Delivery
T356,D24,V24,2026-08-13,2026-08-13 17:38:00,2026-08-13 17:52:00,14,3.38,14.5,26.8,On_Demand_Rider
T357,D24,V24,2026-08-14,2026-08-14 18:18:00,2026-08-14 18:32:00,14,3.99,17.1,29.3,On_Demand_Rider
T358,D24,V24,2026-08-15,2026-08-15 20:27:00,2026-08-15 21:01:00,34,15.07,26.6,40.1,Food_Delivery
T359,D24,V24,2026-08-16,2026-08-16 21:06:00,2026-08-16 21:38:00,32,14.35,26.9,41.3,Food_Delivery
T360,D24,V24,2026-08-10,2026-08-10 23:10:00,2026-08-10 23:32:00,22,7.11,19.4,34.4,Parcel_Delivery
T361,D25,V25,2026-08-11,2026-08-11 05:03:00,2026-08-11 05:19:00,16,5.89,22.1,35.9,Quick_Commerce
T362,D25,V25,2026-08-12,2026-08-12 06:17:00,2026-08-12 06:42:00,25,10.67,25.6,36.4,Food_Delivery
T363,D25,V25,2026-08-13,2026-08-13 07:41:00,2026-08-13 08:06:00,25,9.21,22.1,31.0,Quick_Commerce
T364,D25,V25,2026-08-13,2026-08-13 08:08:00,2026-08-13 08:31:00,23,9.39,24.5,32.9,Quick_Commerce
T365,D25,V25,2026-08-14,2026-08-14 09:36:00,2026-08-14 10:00:00,24,10.52,26.3,36.8,Parcel_Delivery
T366,D25,V25,2026-08-15,2026-08-15 10:21:00,2026-08-15 10:36:00,15,5.5,22.0,35.1,Quick_Commerce
T367,D25,V25,2026-08-17,2026-08-17 05:09:00,2026-08-17 05:42:00,33,12.93,23.5,36.3,Food_Delivery
T368,D25,V25,2026-08-11,2026-08-11 06:06:00,2026-08-11 06:21:00,15,4.3,17.2,28.3,Quick_Commerce
T369,D25,V25,2026-08-12,2026-08-12 07:04:00,2026-08-12 07:23:00,19,6.21,19.6,33.3,Food_Delivery
T370,D25,V25,2026-08-12,2026-08-12 08:38:00,2026-08-12 08:53:00,15,4.72,18.9,28.9,Quick_Commerce
T371,D25,V25,2026-08-13,2026-08-13 09:01:00,2026-08-13 09:15:00,14,4.27,18.3,32.4,Food_Delivery
T372,D25,V25,2026-08-14,2026-08-14 10:38:00,2026-08-14 11:12:00,34,12.3,21.7,32.1,Quick_Commerce
T373,D25,V25,2026-08-16,2026-08-16 05:03:00,2026-08-16 05:40:00,37,15.97,25.9,40.0,Parcel_Delivery
T374,D25,V25,2026-08-17,2026-08-17 06:30:00,2026-08-17 06:53:00,23,10.77,28.1,40.7,Quick_Commerce
T375,D25,V25,2026-08-11,2026-08-11 07:34:00,2026-08-11 08:09:00,35,14.58,25.0,33.3,On_Demand_Rider
T376,D26,V26,2026-08-10,2026-08-10 16:19:00,2026-08-10 16:52:00,33,16.83,30.6,42.3,Quick_Commerce
T377,D26,V26,2026-08-11,2026-08-11 17:34:00,2026-08-11 17:48:00,14,4.57,19.6,35.1,Food_Delivery
T378,D26,V26,2026-08-12,2026-08-12 19:26:00,2026-08-12 19:43:00,17,6.49,22.9,36.2,Quick_Commerce
T379,D26,V26,2026-08-13,2026-08-13 20:28:00,2026-08-13 20:55:00,27,12.02,26.7,36.8,Food_Delivery
T380,D26,V26,2026-08-14,2026-08-14 22:27:00,2026-08-14 23:02:00,35,14.53,24.9,37.1,Food_Delivery
T381,D26,V26,2026-08-15,2026-08-15 23:15:00,2026-08-15 23:43:00,28,11.39,24.4,40.1,Food_Delivery
T382,D26,V26,2026-08-17,2026-08-17 01:36:00,2026-08-17 02:11:00,35,15.11,25.9,35.7,Parcel_Delivery
T383,D26,V26,2026-08-11,2026-08-11 02:18:00,2026-08-11 02:48:00,30,13.2,26.4,39.0,Parcel_Delivery
T384,D26,V26,2026-08-12,2026-08-12 04:27:00,2026-08-12 04:43:00,16,5.68,21.3,37.5,Quick_Commerce
T385,D26,V26,2026-08-13,2026-08-13 05:04:00,2026-08-13 05:32:00,28,11.99,25.7,37.5,Quick_Commerce
T386,D26,V26,2026-08-13,2026-08-13 17:16:00,2026-08-13 17:44:00,28,13.35,28.6,45.2,Food_Delivery
T387,D26,V26,2026-08-14,2026-08-14 18:03:00,2026-08-14 18:21:00,18,5.64,18.8,35.3,Food_Delivery
T388,D26,V26,2026-08-15,2026-08-15 20:07:00,2026-08-15 20:34:00,27,9.99,22.2,34.0,Parcel_Delivery
T389,D26,V26,2026-08-16,2026-08-16 21:08:00,2026-08-16 21:42:00,34,14.05,24.8,41.0,Food_Delivery
T390,D26,V26,2026-08-10,2026-08-10 23:04:00,2026-08-10 23:27:00,23,7.86,20.5,33.2,Parcel_Delivery
T391,D27,V27,2026-08-10,2026-08-10 16:24:00,2026-08-10 16:52:00,28,13.11,28.1,38.5,Quick_Commerce
T392,D27,V27,2026-08-11,2026-08-11 17:36:00,2026-08-11 17:53:00,17,5.72,20.2,33.3,Food_Delivery
T393,D27,V27,2026-08-12,2026-08-12 19:42:00,2026-08-12 20:12:00,30,12.4,24.8,39.6,Food_Delivery
T394,D27,V27,2026-08-13,2026-08-13 20:41:00,2026-08-13 21:03:00,22,8.51,23.2,33.6,Parcel_Delivery
T395,D27,V27,2026-08-14,2026-08-14 22:36:00,2026-08-14 23:10:00,34,14.9,26.3,37.2,Quick_Commerce
T396,D27,V27,2026-08-15,2026-08-15 23:01:00,2026-08-15 23:22:00,21,7.0,20.0,32.4,Quick_Commerce
T397,D27,V27,2026-08-17,2026-08-17 01:20:00,2026-08-17 01:51:00,31,11.32,21.9,35.5,Food_Delivery
T398,D27,V27,2026-08-11,2026-08-11 02:29:00,2026-08-11 03:01:00,32,13.01,24.4,35.0,On_Demand_Rider
T399,D27,V27,2026-08-12,2026-08-12 04:18:00,2026-08-12 04:40:00,22,8.25,22.5,36.8,Parcel_Delivery
T400,D27,V27,2026-08-13,2026-08-13 05:42:00,2026-08-13 06:12:00,30,12.45,24.9,36.4,Parcel_Delivery
T401,D27,V27,2026-08-13,2026-08-13 17:03:00,2026-08-13 17:30:00,27,12.06,26.8,43.4,On_Demand_Rider
T402,D27,V27,2026-08-14,2026-08-14 18:29:00,2026-08-14 18:54:00,25,10.58,25.4,37.7,Food_Delivery
T403,D27,V27,2026-08-15,2026-08-15 20:02:00,2026-08-15 20:32:00,30,13.25,26.5,38.2,Quick_Commerce
T404,D27,V27,2026-08-16,2026-08-16 21:02:00,2026-08-16 21:17:00,15,4.72,18.9,29.7,Quick_Commerce
T405,D27,V27,2026-08-10,2026-08-10 23:02:00,2026-08-10 23:28:00,26,10.79,24.9,35.9,On_Demand_Rider
T406,D28,V28,2026-08-10,2026-08-10 16:27:00,2026-08-10 16:53:00,26,11.53,26.6,35.9,Parcel_Delivery
T407,D28,V28,2026-08-11,2026-08-11 17:21:00,2026-08-11 17:52:00,31,14.78,28.6,37.6,Quick_Commerce
T408,D28,V28,2026-08-12,2026-08-12 19:26:00,2026-08-12 19:47:00,21,9.45,27.0,38.2,Food_Delivery
T409,D28,V28,2026-08-13,2026-08-13 20:43:00,2026-08-13 21:16:00,33,15.24,27.7,38.0,Food_Delivery
T410,D28,V28,2026-08-14,2026-08-14 22:00:00,2026-08-14 22:16:00,16,5.57,20.9,33.6,Quick_Commerce
T411,D28,V28,2026-08-15,2026-08-15 23:40:00,2026-08-15 23:54:00,14,4.34,18.6,31.3,Quick_Commerce
T412,D28,V28,2026-08-17,2026-08-17 01:06:00,2026-08-17 01:40:00,34,15.36,27.1,39.1,On_Demand_Rider
T413,D28,V28,2026-08-11,2026-08-11 02:15:00,2026-08-11 02:40:00,25,10.83,26.0,38.4,Quick_Commerce
T414,D28,V28,2026-08-12,2026-08-12 04:26:00,2026-08-12 04:44:00,18,5.37,17.9,28.7,Quick_Commerce
T415,D28,V28,2026-08-13,2026-08-13 05:02:00,2026-08-13 05:34:00,32,14.88,27.9,37.8,Quick_Commerce
T416,D28,V28,2026-08-13,2026-08-13 17:44:00,2026-08-13 18:16:00,32,14.77,27.7,37.4,Food_Delivery
T417,D28,V28,2026-08-14,2026-08-14 18:15:00,2026-08-14 18:35:00,20,7.3,21.9,33.3,Quick_Commerce
T418,D28,V28,2026-08-15,2026-08-15 20:44:00,2026-08-15 20:59:00,15,5.0,20.0,33.3,Quick_Commerce
T419,D28,V28,2026-08-16,2026-08-16 21:20:00,2026-08-16 21:45:00,25,10.08,24.2,35.9,Quick_Commerce
T420,D28,V28,2026-08-10,2026-08-10 23:05:00,2026-08-10 23:23:00,18,5.85,19.5,31.1,Parcel_Delivery
T421,D29,V29,2026-08-10,2026-08-10 16:12:00,2026-08-10 16:28:00,16,10.0,37.5,57.7,Food_Delivery
T422,D29,V29,2026-08-11,2026-08-11 17:30:00,2026-08-11 17:46:00,16,6.43,24.1,38.9,Quick_Commerce
T423,D29,V29,2026-08-12,2026-08-12 19:38:00,2026-08-12 20:12:00,34,18.76,33.1,57.3,Quick_Commerce
T424,D29,V29,2026-08-13,2026-08-13 20:06:00,2026-08-13 20:29:00,23,13.42,35.0,55.0,Food_Delivery
T425,D29,V29,2026-08-14,2026-08-14 22:14:00,2026-08-14 22:48:00,34,19.27,34.0,61.1,Food_Delivery
T426,D29,V29,2026-08-15,2026-08-15 23:13:00,2026-08-15 23:32:00,19,7.16,22.6,55.8,Food_Delivery
T427,D29,V29,2026-08-17,2026-08-17 01:43:00,2026-08-17 01:58:00,15,8.78,35.1,67.7,Food_Delivery
T428,D29,V29,2026-08-11,2026-08-11 02:13:00,2026-08-11 02:27:00,14,1.75,7.5,17.0,Food_Delivery
T429,D29,V29,2026-08-12,2026-08-12 04:13:00,2026-08-12 04:29:00,16,9.63,36.1,56.7,Food_Delivery
T430,D29,V29,2026-08-13,2026-08-13 05:01:00,2026-08-13 05:34:00,33,23.98,43.6,70.0,Food_Delivery
T431,D29,V29,2026-08-13,2026-08-13 17:44:00,2026-08-13 18:03:00,19,10.58,33.4,55.6,Parcel_Delivery
T432,D29,V29,2026-08-14,2026-08-14 18:10:00,2026-08-14 18:30:00,20,7.03,21.1,41.4,Food_Delivery
T433,D29,V29,2026-08-15,2026-08-15 20:09:00,2026-08-15 20:27:00,18,6.45,21.5,52.1,Food_Delivery
T434,D29,V29,2026-08-16,2026-08-16 21:24:00,2026-08-16 21:38:00,14,7.91,33.9,63.2,Quick_Commerce
T435,D29,V29,2026-08-10,2026-08-10 23:11:00,2026-08-10 23:45:00,34,22.21,39.2,61.1,Food_Delivery
T436,D30,V30,2026-08-10,2026-08-10 16:09:00,2026-08-10 16:24:00,15,4.62,18.5,29.4,Quick_Commerce
T437,D30,V30,2026-08-11,2026-08-11 17:36:00,2026-08-11 18:11:00,35,15.63,26.8,39.0,Quick_Commerce
T438,D30,V30,2026-08-12,2026-08-12 19:33:00,2026-08-12 20:10:00,37,16.53,26.8,38.7,Parcel_Delivery
T439,D30,V30,2026-08-13,2026-08-13 20:07:00,2026-08-13 20:38:00,31,14.78,28.6,38.5,Quick_Commerce
T440,D30,V30,2026-08-14,2026-08-14 22:41:00,2026-08-14 23:18:00,37,16.96,27.5,40.3,On_Demand_Rider
T441,D30,V30,2026-08-15,2026-08-15 23:29:00,2026-08-15 23:45:00,16,5.47,20.5,34.5,Food_Delivery
T442,D30,V30,2026-08-17,2026-08-17 01:15:00,2026-08-17 01:36:00,21,8.01,22.9,36.7,Food_Delivery
T443,D30,V30,2026-08-11,2026-08-11 02:13:00,2026-08-11 02:50:00,37,17.95,29.1,39.1,Quick_Commerce
T444,D30,V30,2026-08-12,2026-08-12 04:32:00,2026-08-12 04:57:00,25,10.79,25.9,37.0,Food_Delivery
T445,D30,V30,2026-08-13,2026-08-13 05:04:00,2026-08-13 05:32:00,28,11.2,24.0,35.4,On_Demand_Rider
T446,D30,V30,2026-08-13,2026-08-13 17:31:00,2026-08-13 17:53:00,22,8.1,22.1,36.6,Food_Delivery
T447,D30,V30,2026-08-14,2026-08-14 18:02:00,2026-08-14 18:36:00,34,15.36,27.1,39.7,Quick_Commerce
T448,D30,V30,2026-08-15,2026-08-15 20:30:00,2026-08-15 20:56:00,26,9.97,23.0,34.3,On_Demand_Rider
T449,D30,V30,2026-08-16,2026-08-16 21:13:00,2026-08-16 21:44:00,31,12.71,24.6,36.9,Parcel_Delivery
T450,D30,V30,2026-08-10,2026-08-10 23:25:00,2026-08-10 23:55:00,30,13.5,27.0,39.0,Food_Delivery
